Bloco,Unidade
Bloco 01,01
Bloco 01,02
Bloco 01,03
Bloco 01,04
Bloco 01,11
Bloco 01,12
Bloco 01,13
Bloco 01,14
Bloco 01,21
Bloco 01,22
Bloco 01,23
Bloco 01,24
Bloco 01,31
Bloco 01,32
Bloco 01,33
Bloco 01,34
Bloco 01,41
Bloco 01,42
Bloco 01,43
Bloco 01,44
Bloco 02,01
Bloco 02,02
Bloco 02,03
Bloco 02,04
Bloco 02,11
Bloco 02,12
Bloco 02,13
Bloco 02,14
Bloco 02,21
Bloco 02,22
Bloco 02,23
Bloco 02,24
Bloco 02,31
Bloco 02,32
Bloco 02,33
Bloco 02,34
Bloco 02,41
Bloco 02,42
Bloco 02,43
Bloco 02,44
Bloco 03,01
Bloco 03,02
Bloco 03,03
Bloco 03,04
Bloco 03,11
Bloco 03,12
Bloco 03,13
Bloco 03,14
Bloco 03,21
Bloco 03,22
Bloco 03,23
Bloco 03,24
Bloco 03,31
Bloco 03,32
Bloco 03,33
Bloco 03,34
Bloco 03,41
Bloco 03,42
Bloco 03,43
Bloco 03,44
Bloco 04,01
Bloco 04,02
Bloco 04,03
Bloco 04,04
Bloco 04,11
Bloco 04,12
Bloco 04,13
Bloco 04,14
Bloco 04,21
Bloco 04,22
Bloco 04,23
Bloco 04,24
Bloco 04,31
Bloco 04,32
Bloco 04,33
Bloco 04,34
Bloco 04,41
Bloco 04,42
Bloco 04,43
Bloco 04,44
Bloco 05,01
Bloco 05,02
Bloco 05,03
Bloco 05,04
Bloco 05,11
Bloco 05,12
Bloco 05,13
Bloco 05,14
Bloco 05,21
Bloco 05,22
Bloco 05,23
Bloco 05,24
Bloco 05,31
Bloco 05,32
Bloco 05,33
Bloco 05,34
Bloco 05,41
Bloco 05,42
Bloco 05,43
Bloco 05,44
Bloco 06,01
Bloco 06,02
Bloco 06,03
Bloco 06,04
Bloco 06,11
Bloco 06,12
Bloco 06,13
Bloco 06,14
Bloco 06,21
Bloco 06,22
Bloco 06,23
Bloco 06,24
Bloco 06,31
Bloco 06,32
Bloco 06,33
Bloco 06,34
Bloco 06,41
Bloco 06,42
Bloco 06,43
Bloco 06,44
Bloco 07,01
Bloco 07,02
Bloco 07,03
Bloco 07,04
Bloco 07,11
Bloco 07,12
Bloco 07,13
Bloco 07,14
Bloco 07,21
Bloco 07,22
Bloco 07,23
Bloco 07,24
Bloco 07,31
Bloco 07,32
Bloco 07,33
Bloco 07,34
Bloco 07,41
Bloco 07,42
Bloco 07,43
Bloco 07,44
Bloco 08,01
Bloco 08,02
Bloco 08,03
Bloco 08,04
Bloco 08,11
Bloco 08,12
Bloco 08,13
Bloco 08,14
Bloco 08,21
Bloco 08,22
Bloco 08,23
Bloco 08,24
Bloco 08,31
Bloco 08,32
Bloco 08,33
Bloco 08,34
Bloco 08,41
Bloco 08,42
Bloco 08,43
Bloco 08,44
Bloco 09,02
Bloco 09,03
Bloco 09,04
Bloco 09,11
Bloco 09,12
Bloco 09,13
Bloco 09,14
Bloco 09,21
Bloco 09,22
Bloco 09,23
Bloco 09,24
Bloco 09,31
Bloco 09,32
Bloco 09,33
Bloco 09,34
Bloco 09,41
Bloco 09,42
Bloco 09,43
Bloco 09,44
Bloco 10,01
Bloco 10,02
Bloco 10,04
Bloco 10,11
Bloco 10,12
Bloco 10,13
Bloco 10,14
Bloco 10,21
Bloco 10,22
Bloco 10,23
Bloco 10,24
Bloco 10,31
Bloco 10,32
Bloco 10,33
Bloco 10,34
Bloco 10,41
Bloco 10,42
Bloco 10,43
Bloco 10,44
Bloco 11,01
Bloco 11,02
Bloco 11,03
Bloco 11,04
Bloco 11,11
Bloco 11,12
Bloco 11,13
Bloco 11,14
Bloco 11,21
Bloco 11,22
Bloco 11,23
Bloco 11,24
Bloco 11,31
Bloco 11,32
Bloco 11,33
Bloco 11,34
Bloco 11,41
Bloco 11,42
Bloco 11,43
Bloco 11,44
Bloco 12,01
Bloco 12,02
Bloco 12,03
Bloco 12,04
Bloco 12,11
Bloco 12,12
Bloco 12,13
Bloco 12,14
Bloco 12,21
Bloco 12,22
Bloco 12,23
Bloco 12,24
Bloco 12,31
Bloco 12,32
Bloco 12,33
Bloco 12,34
Bloco 12,41
Bloco 12,42
Bloco 12,43
Bloco 12,44
Bloco 13,02
Bloco 13,03
Bloco 13,04
Bloco 13,11
Bloco 13,12
Bloco 13,13
Bloco 13,14
Bloco 13,21
Bloco 13,22
Bloco 13,23
Bloco 13,24
Bloco 13,31
Bloco 13,32
Bloco 13,33
Bloco 13,34
Bloco 13,41
Bloco 13,42
Bloco 13,43
Bloco 13,44
Bloco 14,01
Bloco 14,02
Bloco 14,03
Bloco 14,04
Bloco 14,11
Bloco 14,12
Bloco 14,13
Bloco 14,14
Bloco 14,21
Bloco 14,22
Bloco 14,23
Bloco 14,24
Bloco 14,31
Bloco 14,32
Bloco 14,33
Bloco 14,34
Bloco 14,41
Bloco 14,42
Bloco 14,43
Bloco 14,44
Bloco 15,01
Bloco 15,02
Bloco 15,03
Bloco 15,04
Bloco 15,11
Bloco 15,12
Bloco 15,13
Bloco 15,14
Bloco 15,21
Bloco 15,22
Bloco 15,23
Bloco 15,24
Bloco 15,31
Bloco 15,32
Bloco 15,33
Bloco 15,34
Bloco 15,41
Bloco 15,42
Bloco 15,43
Bloco 15,44
Bloco 16,01
Bloco 16,02
Bloco 16,03
Bloco 16,04
Bloco 16,11
Bloco 16,12
Bloco 16,13
Bloco 16,14
Bloco 16,21
Bloco 16,22
Bloco 16,23
Bloco 16,24
Bloco 16,31
Bloco 16,32
Bloco 16,33
Bloco 16,34
Bloco 16,41
Bloco 16,42
Bloco 16,43
Bloco 16,44
Bloco 17,01
Bloco 17,02
Bloco 17,03
Bloco 17,04
Bloco 17,11
Bloco 17,12
Bloco 17,13
Bloco 17,14
Bloco 17,21
Bloco 17,22
Bloco 17,23
Bloco 17,24
Bloco 17,31
Bloco 17,32
Bloco 17,33
Bloco 17,34
Bloco 17,41
Bloco 17,42
Bloco 17,43
Bloco 17,44
Bloco 18,01
Bloco 18,02
Bloco 18,03
Bloco 18,04
Bloco 18,11
Bloco 18,12
Bloco 18,13
Bloco 18,14
Bloco 18,21
Bloco 18,22
Bloco 18,23
Bloco 18,24
Bloco 18,31
Bloco 18,32
Bloco 18,33
Bloco 18,34
Bloco 18,41
Bloco 18,42
Bloco 18,43
Bloco 18,44
Bloco 19,01
Bloco 19,02
Bloco 19,03
Bloco 19,04
Bloco 19,11
Bloco 19,12
Bloco 19,13
Bloco 19,14
Bloco 19,21
Bloco 19,22
Bloco 19,23
Bloco 19,24
Bloco 19,31
Bloco 19,32
Bloco 19,33
Bloco 19,34
Bloco 19,41
Bloco 19,42
Bloco 19,43
Bloco 19,44
Bloco 20,01
Bloco 20,02
Bloco 20,03
Bloco 20,04
Bloco 20,11
Bloco 20,12
Bloco 20,13
Bloco 20,14
Bloco 20,21
Bloco 20,22
Bloco 20,23
Bloco 20,24
Bloco 20,31
Bloco 20,32
Bloco 20,33
Bloco 20,34
Bloco 20,41
Bloco 20,42
Bloco 20,43
Bloco 20,44
Bloco 21,01
Bloco 21,02
Bloco 21,03
Bloco 21,04
Bloco 21,11
Bloco 21,12
Bloco 21,13
Bloco 21,14
Bloco 21,21
Bloco 21,22
Bloco 21,23
Bloco 21,24
Bloco 21,31
Bloco 21,32
Bloco 21,33
Bloco 21,34
Bloco 21,41
Bloco 21,42
Bloco 21,43
Bloco 21,44
Bloco 22,01
Bloco 22,02
Bloco 22,04
Bloco 22,11
Bloco 22,12
Bloco 22,13
Bloco 22,14
Bloco 22,21
Bloco 22,22
Bloco 22,23
Bloco 22,24
Bloco 22,31
Bloco 22,32
Bloco 22,33
Bloco 22,34
Bloco 22,41
Bloco 22,42
Bloco 22,43
Bloco 22,44
Bloco 23,02
Bloco 23,03
Bloco 23,04
Bloco 23,11
Bloco 23,12
Bloco 23,13
Bloco 23,14
Bloco 23,21
Bloco 23,22
Bloco 23,23
Bloco 23,24
Bloco 23,31
Bloco 23,32
Bloco 23,33
Bloco 23,34
Bloco 23,41
Bloco 23,42
Bloco 23,43
Bloco 23,44
Bloco 24,01
Bloco 24,02
Bloco 24,03
Bloco 24,04
Bloco 24,11
Bloco 24,12
Bloco 24,13
Bloco 24,14
Bloco 24,21
Bloco 24,22
Bloco 24,23
Bloco 24,24
Bloco 24,31
Bloco 24,32
Bloco 24,33
Bloco 24,34
Bloco 24,41
Bloco 24,42
Bloco 24,43
Bloco 24,44
Bloco 25,01
Bloco 25,02
Bloco 25,03
Bloco 25,04
Bloco 25,11
Bloco 25,12
Bloco 25,13
Bloco 25,14
Bloco 25,21
Bloco 25,22
Bloco 25,23
Bloco 25,24
Bloco 25,31
Bloco 25,32
Bloco 25,33
Bloco 25,34
Bloco 25,41
Bloco 25,42
Bloco 25,43
Bloco 25,44
Bloco 26,01
Bloco 26,02
Bloco 26,04
Bloco 26,11
Bloco 26,12
Bloco 26,13
Bloco 26,14
Bloco 26,21
Bloco 26,22
Bloco 26,23
Bloco 26,24
Bloco 26,31
Bloco 26,32
Bloco 26,33
Bloco 26,34
Bloco 26,41
Bloco 26,42
Bloco 26,43
Bloco 26,44
Bloco 27,01
Bloco 27,02
Bloco 27,03
Bloco 27,04
Bloco 27,11
Bloco 27,12
Bloco 27,13
Bloco 27,14
Bloco 27,21
Bloco 27,22
Bloco 27,23
Bloco 27,24
Bloco 27,41
Bloco 27,42
Bloco 27,43
Bloco 27,44
Bloco 28,01
Bloco 28,02
Bloco 28,03
Bloco 28,04
Bloco 28,11
Bloco 28,12
Bloco 28,13
Bloco 28,14
Bloco 28,21
Bloco 28,22
Bloco 28,23
Bloco 28,24
Bloco 28,41
Bloco 28,42
Bloco 28,43
Bloco 28,44
Bloco 29,01
Bloco 29,02
Bloco 29,03
Bloco 29,04
Bloco 29,11
Bloco 29,12
Bloco 29,13
Bloco 29,14
Bloco 29,21
Bloco 29,22
Bloco 29,23
Bloco 29,24
Bloco 29,41
Bloco 29,42
Bloco 29,43
Bloco 29,44
Bloco 30,01
Bloco 30,02
Bloco 30,03
Bloco 30,04
Bloco 30,11
Bloco 30,12
Bloco 30,13
Bloco 30,14
Bloco 30,21
Bloco 30,22
Bloco 30,23
Bloco 30,24
Bloco 30,41
Bloco 30,42
Bloco 30,43
Bloco 30,44
Bloco 31,01
Bloco 31,02
Bloco 31,03
Bloco 31,04
Bloco 31,11
Bloco 31,12
Bloco 31,13
Bloco 31,14
Bloco 31,21
Bloco 31,22
Bloco 31,23
Bloco 31,24
Bloco 31,31
Bloco 31,41
Bloco 31,42
Bloco 31,43
Bloco 31,44
Bloco 32,01
Bloco 32,02
Bloco 32,03
Bloco 32,04
Bloco 32,11
Bloco 32,12
Bloco 32,13
Bloco 32,14
Bloco 32,21
Bloco 32,22
Bloco 32,23
Bloco 32,24
Bloco 32,31
Bloco 32,33
Bloco 32,41
Bloco 32,42
Bloco 32,43
Bloco 32,44
Bloco 33,01
Bloco 33,02
Bloco 33,03
Bloco 33,04
Bloco 33,11
Bloco 33,12
Bloco 33,13
Bloco 33,14
Bloco 33,21
Bloco 33,22
Bloco 33,23
Bloco 33,24
Bloco 33,31
Bloco 33,33
Bloco 33,41
Bloco 33,42
Bloco 33,43
Bloco 33,44
Bloco 34,02
Bloco 34,03
Bloco 34,04
Bloco 34,11
Bloco 34,12
Bloco 34,13
Bloco 34,14
Bloco 34,21
Bloco 34,22
Bloco 34,23
Bloco 34,24
Bloco 34,31
Bloco 34,33
Bloco 34,41
Bloco 34,42
Bloco 34,43
Bloco 34,44
